id,width,height,medianMs,minMs,maxMs
2,512,256,36.146578000000005,34.835916,54.16040099999999
2,1024,512,122.70121599999999,120.343342,127.37075399999998
2,2048,1024,435.8402329999999,431.99260200000003,465.54784300000006
6,512,256,33.332132999999885,31.437511000000086,33.93743399999994
6,1024,512,114.25417000000016,113.6328910000002,122.047368
6,2048,1024,450.7676580000002,440.167367,452.29842400000007
13,512,256,31.417500999999902,30.819346999999652,33.302650000000085
13,1024,512,118.8929820000003,113.76886800000011,119.71504300000015
13,2048,1024,449.58436299999994,447.3194080000003,449.73749299999963
9,512,256,34.576766000000134,31.748641000000134,36.42749300000014
9,1024,512,113.18139900000006,109.64320299999963,114.12024799999926
9,2048,1024,424.80404199999975,418.46417100000053,459.3618230000002
17,512,256,29.83747299999959,29.196925000000192,30.49325399999998
17,1024,512,108.05472199999986,106.36193399999956,108.96864300000016
17,2048,1024,419.5309720000005,414.2017930000002,422.59117799999876
20,512,256,31.430311000000074,29.957666000000245,31.798597000000882
20,1024,512,106.8064460000005,102.15968299999986,108.97069600000032
20,2048,1024,436.70511700000134,415.41626499999984,449.5170990000006
